[
  {
    "id": "8cfa3441-9b15-4c75-bc93-c4e09fc13312",
    "data": [
      {
        "text": "quiero la carta",
        "meta": "@sys.location",
        "alias": "location",
        "userDefined": false
      }
    ],
    "isTemplate": false,
    "count": 0,
    "lang": "es",
    "updated": 0
  },
  {
    "id": "e64ad28a-e0ab-4aa4-aec0-0c2161a90303",
    "data": [
      {
        "text": "deseo la carta del menu",
        "userDefined": false
      }
    ],
    "isTemplate": false,
    "count": 0,
    "lang": "es",
    "updated": 0
  },
  {
    "id": "6229e800-e937-40f2-aeeb-139bd063544b",
    "data": [
      {
        "text": "me muestra la carta",
        "userDefined": false
      }
    ],
    "isTemplate": false,
    "count": 0,
    "lang": "es",
    "updated": 0
  },
  {
    "id": "9a1a6fa6-17fa-4adb-95ba-0960f4d78c3a",
    "data": [
      {
        "text": "cual ",
        "userDefined": false
      },
      {
        "text": "es",
        "meta": "@sys.language",
        "alias": "language",
        "userDefined": false
      },
      {
        "text": " el menu para ",
        "userDefined": false
      },
      {
        "text": "hoy",
        "meta": "@sys.date-time",
        "alias": "date-time",
        "userDefined": false
      },
      {
        "text": " dia",
        "userDefined": false
      }
    ],
    "isTemplate": false,
    "count": 0,
    "lang": "es",
    "updated": 0
  },
  {
    "id": "6d4773ee-8fa1-481d-a71b-ad323e699551",
    "data": [
      {
        "text": "el menu del dia",
        "userDefined": false
      }
    ],
    "isTemplate": false,
    "count": 0,
    "lang": "es",
    "updated": 0
  }
]