[
  {
    "id": "4fc1e282-65fb-4e5d-b988-78a2400b9288",
    "data": [
      {
        "text": "un",
        "meta": "@sys.number",
        "alias": "number",
        "userDefined": false
      }
    ],
    "isTemplate": false,
    "count": 0,
    "lang": "es",
    "updated": 0
  },
  {
    "id": "15e2556d-4541-4574-97ef-2ec490ed1a8e",
    "data": [
      {
        "text": "27/06/2022",
        "meta": "@sys.date-time",
        "alias": "date-time",
        "userDefined": false
      }
    ],
    "isTemplate": false,
    "count": 0,
    "lang": "es",
    "updated": 0
  }
]