[
  {
    "id": "0a2d5a27-eb7c-4e5c-84b3-8428043d6c13",
    "data": [
      {
        "text": "Lomo saltado por favor",
        "userDefined": false
      }
    ],
    "isTemplate": false,
    "count": 0,
    "lang": "es",
    "updated": 0
  },
  {
    "id": "d7325ff5-4640-40a9-8a84-2443624a36b6",
    "data": [
      {
        "text": "ceviche por favor",
        "userDefined": false
      }
    ],
    "isTemplate": false,
    "count": 0,
    "lang": "es",
    "updated": 0
  },
  {
    "id": "d483697f-1f23-46c1-b9c7-8ec4f6a84429",
    "data": [
      {
        "text": "deseo ceviche",
        "userDefined": false
      }
    ],
    "isTemplate": false,
    "count": 0,
    "lang": "es",
    "updated": 0
  },
  {
    "id": "218ce6ff-09a0-4f6f-a73f-972088d6840a",
    "data": [
      {
        "text": "deseo lomo saltado",
        "userDefined": false
      }
    ],
    "isTemplate": false,
    "count": 0,
    "lang": "es",
    "updated": 0
  },
  {
    "id": "b804bcf0-5091-414b-b625-ac5464a3562b",
    "data": [
      {
        "text": "quiero ",
        "userDefined": false
      },
      {
        "text": "un",
        "meta": "@sys.number",
        "alias": "number",
        "userDefined": false
      },
      {
        "text": " ceviche",
        "userDefined": false
      }
    ],
    "isTemplate": false,
    "count": 0,
    "lang": "es",
    "updated": 0
  },
  {
    "id": "7714af84-a3e5-454b-bccb-0d4337341fe8",
    "data": [
      {
        "text": "quiero ",
        "userDefined": false
      },
      {
        "text": "un",
        "meta": "@sys.number",
        "alias": "number",
        "userDefined": false
      },
      {
        "text": " lomo saltado",
        "userDefined": false
      }
    ],
    "isTemplate": false,
    "count": 0,
    "lang": "es",
    "updated": 0
  }
]