[
  {
    "id": "030490d1-a2fe-4b5a-a97d-fd0bba1c6829",
    "data": [
      {
        "text": "quiero reservar",
        "userDefined": false
      }
    ],
    "isTemplate": false,
    "count": 0,
    "lang": "es",
    "updated": 0
  },
  {
    "id": "7c774e0e-fe76-4ef7-b616-6fd05004d984",
    "data": [
      {
        "text": "quiero hacer ",
        "userDefined": false
      },
      {
        "text": "una",
        "meta": "@sys.number",
        "alias": "number",
        "userDefined": false
      },
      {
        "text": " reservacion",
        "userDefined": false
      }
    ],
    "isTemplate": false,
    "count": 0,
    "lang": "es",
    "updated": 0
  },
  {
    "id": "1bfc7113-fd8c-415d-992e-e4423913276f",
    "data": [
      {
        "text": "Quiero hacer una reserva ",
        "userDefined": false
      },
      {
        "text": "el 16 de junio",
        "meta": "@sys.date",
        "alias": "date",
        "userDefined": true
      },
      {
        "text": " a las ",
        "userDefined": false
      },
      {
        "text": "2 de la tarde",
        "meta": "@sys.time",
        "alias": "time",
        "userDefined": true
      }
    ],
    "isTemplate": false,
    "count": 0,
    "lang": "es",
    "updated": 0
  }
]